[
  { "code": "US", "name": "United States", "flag_url": "https://flagcdn.com/w320/us.png" },
  { "code": "CA", "name": "Canada", "flag_url": "https://flagcdn.com/w320/ca.png" },
  { "code": "GB", "name": "United Kingdom", "flag_url": "https://flagcdn.com/w320/gb.png" },
  { "code": "FR", "name": "France", "flag_url": "https://flagcdn.com/w320/fr.png" },
  { "code": "DE", "name": "Germany", "flag_url": "https://flagcdn.com/w320/de.png" },
  { "code": "ES", "name": "Spain", "flag_url": "https://flagcdn.com/w320/es.png" },
  { "code": "IT", "name": "Italy", "flag_url": "https://flagcdn.com/w320/it.png" },
  { "code": "CN", "name": "China", "flag_url": "https://flagcdn.com/w320/cn.png" },
  { "code": "IN", "name": "India", "flag_url": "https://flagcdn.com/w320/in.png" },
  { "code": "BR", "name": "Brazil", "flag_url": "https://flagcdn.com/w320/br.png" },
  { "code": "RU", "name": "Russia", "flag_url": "https://flagcdn.com/w320/ru.png" },
  { "code": "AU", "name": "Australia", "flag_url": "https://flagcdn.com/w320/au.png" },
  { "code": "JP", "name": "Japan", "flag_url": "https://flagcdn.com/w320/jp.png" },
  { "code": "MX", "name": "Mexico", "flag_url": "https://flagcdn.com/w320/mx.png" },
  { "code": "ZA", "name": "South Africa", "flag_url": "https://flagcdn.com/w320/za.png" },
  { "code": "AR", "name": "Argentina", "flag_url": "https://flagcdn.com/w320/ar.png" },
  { "code": "KR", "name": "South Korea", "flag_url": "https://flagcdn.com/w320/kr.png" },
  { "code": "NG", "name": "Nigeria", "flag_url": "https://flagcdn.com/w320/ng.png" },
  { "code": "SA", "name": "Saudi Arabia", "flag_url": "https://flagcdn.com/w320/sa.png" },
  { "code": "EG", "name": "Egypt", "flag_url": "https://flagcdn.com/w320/eg.png" },
  { "code": "TR", "name": "Turkey", "flag_url": "https://flagcdn.com/w320/tr.png" },
  { "code": "ID", "name": "Indonesia", "flag_url": "https://flagcdn.com/w320/id.png" },
  { "code": "TH", "name": "Thailand", "flag_url": "https://flagcdn.com/w320/th.png" },
  { "code": "VN", "name": "Vietnam", "flag_url": "https://flagcdn.com/w320/vn.png" },
  { "code": "PH", "name": "Philippines", "flag_url": "https://flagcdn.com/w320/ph.png" },
  { "code": "PK", "name": "Pakistan", "flag_url": "https://flagcdn.com/w320/pk.png" },
  { "code": "MY", "name": "Malaysia", "flag_url": "https://flagcdn.com/w320/my.png" },
  { "code": "SG", "name": "Singapore", "flag_url": "https://flagcdn.com/w320/sg.png" },
  { "code": "KE", "name": "Kenya", "flag_url": "https://flagcdn.com/w320/ke.png" },
  { "code": "IL", "name": "Israel", "flag_url": "https://flagcdn.com/w320/il.png" },
  { "code": "GR", "name": "Greece", "flag_url": "https://flagcdn.com/w320/gr.png" },
  { "code": "CH", "name": "Switzerland", "flag_url": "https://flagcdn.com/w320/ch.png" },
  { "code": "SE", "name": "Sweden", "flag_url": "https://flagcdn.com/w320/se.png" },
  { "code": "PL", "name": "Poland", "flag_url": "https://flagcdn.com/w320/pl.png" },
  { "code": "NL", "name": "Netherlands", "flag_url": "https://flagcdn.com/w320/nl.png" },
  { "code": "UA", "name": "Ukraine", "flag_url": "https://flagcdn.com/w320/ua.png" },
  { "code": "NO", "name": "Norway", "flag_url": "https://flagcdn.com/w320/no.png" },
  { "code": "IE", "name": "Ireland", "flag_url": "https://flagcdn.com/w320/ie.png" },
  { "code": "DK", "name": "Denmark", "flag_url": "https://flagcdn.com/w320/dk.png" },
  { "code": "BE", "name": "Belgium", "flag_url": "https://flagcdn.com/w320/be.png" },
  { "code": "FI", "name": "Finland", "flag_url": "https://flagcdn.com/w320/fi.png" },
  { "code": "PT", "name": "Portugal", "flag_url": "https://flagcdn.com/w320/pt.png" },
  { "code": "CL", "name": "Chile", "flag_url": "https://flagcdn.com/w320/cl.png" },
  { "code": "PE", "name": "Peru", "flag_url": "https://flagcdn.com/w320/pe.png" },
  { "code": "CO", "name": "Colombia", "flag_url": "https://flagcdn.com/w320/co.png" },
  { "code": "VE", "name": "Venezuela", "flag_url": "https://flagcdn.com/w320/ve.png" },
  { "code": "NZ", "name": "New Zealand", "flag_url": "https://flagcdn.com/w320/nz.png" },
  { "code": "AE", "name": "United Arab Emirates", "flag_url": "https://flagcdn.com/w320/ae.png" },
  { "code": "QA", "name": "Qatar", "flag_url": "https://flagcdn.com/w320/qa.png" },
  { "code": "HU", "name": "Hungary", "flag_url": "https://flagcdn.com/w320/hu.png" },
  { "code": "CZ", "name": "Czech Republic", "flag_url": "https://flagcdn.com/w320/cz.png" },
  { "code": "RO", "name": "Romania", "flag_url": "https://flagcdn.com/w320/ro.png" },
  { "code": "BG", "name": "Bulgaria", "flag_url": "https://flagcdn.com/w320/bg.png" },
  { "code": "HR", "name": "Croatia", "flag_url": "https://flagcdn.com/w320/hr.png" },
  { "code": "SK", "name": "Slovakia", "flag_url": "https://flagcdn.com/w320/sk.png" },
  { "code": "SI", "name": "Slovenia", "flag_url": "https://flagcdn.com/w320/si.png" },
  { "code": "RS", "name": "Serbia", "flag_url": "https://flagcdn.com/w320/rs.png" },
  { "code": "AT", "name": "Austria", "flag_url": "https://flagcdn.com/w320/at.png" },
  { "code": "LU", "name": "Luxembourg", "flag_url": "https://flagcdn.com/w320/lu.png" },
  { "code": "IS", "name": "Iceland", "flag_url": "https://flagcdn.com/w320/is.png" },
  { "code": "LT", "name": "Lithuania", "flag_url": "https://flagcdn.com/w320/lt.png" },
  { "code": "LV", "name": "Latvia", "flag_url": "https://flagcdn.com/w320/lv.png" },
  { "code": "EE", "name": "Estonia", "flag_url": "https://flagcdn.com/w320/ee.png" },
  { "code": "CY", "name": "Cyprus", "flag_url": "https://flagcdn.com/w320/cy.png" },
  { "code": "MT", "name": "Malta", "flag_url": "https://flagcdn.com/w320/mt.png" },
  { "code": "ME", "name": "Montenegro", "flag_url": "https://flagcdn.com/w320/me.png" },
  { "code": "MK", "name": "North Macedonia", "flag_url": "https://flagcdn.com/w320/mk.png" }
]
